time,Y,Ym,Yl,Yu,U,Um,Ul,Uu,Mode,Control
0,0.0,8.377,0.0,4.1676220540707805,175.88080453444218,200.0,151.09442421292121,200.66718485596314,g,2
1,8.789160019441448e-102,3.396,0.0,4.407038942631468,228.82573428036733,200.0,204.45613924069721,253.19532932003744,g,2
2,0.0,2.341,0.0,3.5932118100432318,177.4732608057111,136.0,150.13100228295662,204.8155193284656,g,6
3,0.3719936505578092,1.361,0.0,1.0178295226057985,132.4376042179092,104.0,102.58564109304835,162.28956734277006,y,10
4,0.14711393059582267,0.314,0.0,0.79633474120552994,99.29096193618466,104.0,69.227578777946292,129.35434509442302,y,10
5,0.1702023655587529,0.055,0.0,0.84660541205597672,80.39524466482221,102.0,50.346308868203494,110.44418046144094,y,10
6,0.18450168047010518,0.052,0.0,0.86527143907228476,73.69558785770732,102.0,43.448836767826343,103.9423389475883,y,10
7,0.1834482966320211,0.057,0.0,0.85909395689474544,73.42961428874025,102.333,42.875177083401134,103.98405149407938,y,10
8,0.1070573703037303,0.055,0.0,0.75360053883402056,106.84483405707465,103.0,75.27125975900654,138.41840835514276,y,9
9,0.14308649446842187,0.051,0.0,0.79679104880888518,85.82795279567199,103.0,54.672664206690243,116.98324138465374,y,9
10,0.11863453029147863,0.057,0.0,0.76101776843153712,115.04564983575341,104.333,83.51271201120619,146.57858766030063,y,8
11,0.12402103388837947,0.052,0.0,0.26971347242739785,110.95535199698946,105.0,79.405145256177661,142.50555873780127,g,8
12,0.13483481873120717,0.058,0.0,0.28046656483323928,102.8457394931221,105.0,71.385250167116695,134.30622881912748,g,7
13,0.0958285142510566,0.056,0.0,0.73720272392600461,107.39715044727967,97.0,76.038320966540454,138.75597992801889,y,7
14,0.15744318240532712,0.058,0.0,0.80156973521436248,82.57131907141539,97.0,51.072908891358026,114.06972925147275,y,7
15,0.15477492544385274,0.057,0.0,0.80028167878149514,80.93466299650493,95.667,49.399452930600361,112.46987306240949,y,7
16,0.1527027856716966,0.062,0.0,0.79452862270468783,81.48647032548695,93.0,49.895486734591884,113.07745391638201,y,7
17,0.12867355102742556,0.052,0.0,0.7669716742212882,86.12787476444223,93.0,54.594702605867823,117.66104692301663,y,6
18,0.1381991078714832,0.057,0.0,0.77368762471730568,84.1944037922272,91.0,52.92242733031344,115.46638025414097,y,6
19,0.14474033984622514,0.057,0.0,0.78037312601832587,81.22488502394708,90.0,49.973004835215278,112.47676521267888,y,5
20,0.16566522021249863,0.053,0.0,0.79657406983530477,80.07397577441628,90.0,48.894285915861495,111.25366563297106,y,5
21,0.1386259821544149,0.055,0.0,0.77640889654569412,77.85209019804373,86.0,46.663307057768733,109.04087333831872,y,4
22,0.14876047297973244,0.066,0.0,0.78396192064323245,77.7354855497386,86.0,46.520612980309949,108.95035811916725,y,4
23,0.19190332265255128,0.067,0.0,0.82514542420594206,76.42033871734208,82.0,45.197957641913717,107.64271979277044,y,4
24,0.16523891038738592,0.06,0.0,0.80641889711543135,71.44949926807129,74.0,40.227016045651951,102.67198249049063,y,4
25,0.108423707177526,0.056,0.0,0.26318484815495591,69.44204940941496,74.0,38.220012739105108,100.66408607972483,g,3
26,1.400131831550432,0.067,1.1388800340315701,1.661383629069294,65.73243733659517,68.667,34.515882823060224,96.948991850130113,g,3
27,0.19892608769397402,0.087,0.0,0.85437007403127796,62.61356504963262,66.0,31.41002499555395,93.817105103711285,y,3
28,0.17392967736992426,0.072,0.0,0.82814317386639835,61.56786212444346,66.0,30.39002792873184,92.745696320155076,y,3
29,0.12419832521887031,0.067,0.0,0.27016451994178103,57.84110808395454,60.0,26.671521507022163,89.010694660886912,g,2
30,0.0,0.099,0.0,0.71536610088819619,56.15918031325513,60.0,24.999759152145181,87.318601474365067,g,2
31,0.15166594031938985,0.174,0.0,0.32241244477988651,53.5906746041947,56.667,22.448261449378847,84.733087759010559,g,2
32,0.12666974704606204,0.098,0.0,0.27222679396908089,48.20052352985161,50.0,17.070018100648301,79.331028959054919,g,2
33,0.11848448494782222,0.059,0.0,0.26411195681282107,45.45216268452287,50.0,14.355608990153844,76.548716378891896,g,3
34,0.12466089852534225,0.069,0.0,0.27176391585225762,37.69499687855378,39.333,6.5821641424370156,68.807829614670538,g,2
35,0.239723399716947,0.078,0.094329286205421969,0.38511751322847204,30.348538836731905,34.0,0.0,61.467111031841824,g,2
36,0.12296651239017273,0.154,0.0,0.26753787412195462,27.117997424365754,34.0,0.0,58.241617910884912,g,2
37,0.10246563938383897,0.102,0.0,0.24806794752434058,26.065195323446034,33.0,0.0,57.201696598993735,g,2
38,0.11219069193155425,0.068,0.0,0.25288730387893971,26.999869619559178,33.0,0.0,58.154556549392474,g,3
39,0.10572101122668442,0.07,0.0,0.24967315603595558,29.337005404111437,33.667,0.0,60.43308259687926,g,2
40,0.1511583184292551,0.11,0.0014552440857760196,0.30086139277273416,32.58621811873803,35.0,1.4769222016630934,63.69551403581297,g,2
41,0.18567695867088002,0.156,0.029856854719476189,0.34149706262228385,34.93815977635454,35.0,3.8522944771010899,66.024025075607994,g,2
42,0.16673406889469983,0.122,0.025879914366159662,0.30758822342323999,42.485908689393,44.333,11.364086043095568,73.607731335690431,g,3
43,0.17373798767707724,0.075,0.024879726254227186,0.32259624909992729,49.48405673052281,49.0,18.416993267531875,80.551120193513739,g,3
44,0.1336494530606025,0.062,0.0,0.27286532691470911,50.40257430096527,49.0,19.340476627059875,81.464671974870669,g,2
45,0.2068651976184066,0.103,0.0,0.87306722865946906,60.576782868342605,62.0,29.458618970979355,91.694946765705851,y,2
46,3.824925885441604e-08,0.239,0.0,3.6858609714033426,66.1298178796117,62.0,35.15416901866616,97.105466740557262,g,2
47,0.14594083605603458,0.147,0.0043972721159545869,0.28748439999611458,67.73927370834927,64.0,36.785750514559382,98.692796902139165,g,3
48,0.17337822804895697,0.07,0.0,0.81085591256405798,69.23940267696771,68.0,38.350392455021961,100.12841289891347,y,4
49,0.15606198300308693,0.067,0.0,0.79255856118199219,68.58704314157096,68.0,37.698122445554731,99.475963837587187,y,4
50,0.160795913818355,0.082,0.0,0.79430017450155788,72.13056262579357,76.0,41.224950836942796,103.03617441464435,y,4
51,0.1512855492746571,0.067,0.0,0.78085775303328964,76.01148693255226,80.0,45.086747769306555,106.93622609579796,y,4
52,0.1713209831635284,0.081,0.0,0.80266432485983874,77.65430904368439,80.0,46.769239713150903,108.53937837421788,y,4
53,0.13092803067490377,0.063,0.0,0.75496078916537646,87.16086806408663,94.0,56.194824384883354,118.1269117432899,y,3
54,0.19339056283046796,0.078,0.0,0.82186781117647001,92.54994692848518,94.0,61.56949585677792,123.53039800019245,y,3
55,0.20429451099889917,0.101,0.0,0.83413214222198317,94.83089356129975,94.0,63.850441855229604,125.81134526736989,y,3
56,0.17967173899639527,0.143,0.0,0.80467744928453366,94.94378412044811,94.0,63.986328740145396,125.90123950075083,y,3
57,0.18933039796233814,0.125,0.0,0.81659394789764672,93.97131160656917,94.0,63.111852835888754,124.83077037724959,y,3
58,0.21071699513526423,0.123,0.0,2.6023876155087784,92.66964358757195,94.0,62.005920508925485,123.33336666621842,g,3
59,0.18474085608298363,0.111,0.0,0.81267426230212325,91.37995016990017,94.0,60.901840998681635,121.8580593411187,y,3
60,0.16415765676960525,0.106,0.0,0.78900730602513192,90.2647006373892,94.0,60.049734341223775,120.47966693355463,y,3
61,0.15408084775566655,0.139,0.0,0.77832918837947163,86.82802607009421,90.0,56.63480112108293,117.02125101910549,y,3
62,0.15283706580740652,0.12,0.0,0.77780436573683975,84.84554251094094,90.0,55.060115698553268,114.63096932332863,y,3
63,0.14115755203574393,0.092,0.0,0.76533792459740613,83.12807398031458,87.667,52.70022987024808,113.55591809038108,y,2
64,0.12429906076334574,0.09,0.0,0.749526357143802,78.73889043789794,83.0,48.98879175311491,108.48898912268096,y,3
65,0.13307572948597368,0.086,0.0,0.75917868808204902,77.18007747341953,83.0,47.509738907680045,106.85041603915901,y,2
66,0.13101728460928086,0.1,0.0,0.75680492738153016,77.34086186423977,83.0,47.665938524882733,107.01578520359681,y,3
67,0.14989779167215223,0.112,0.0,0.77837892010150289,78.26599303313066,83.0,48.720599300693884,107.81138676556742,y,2
68,0.12450659186879715,0.105,0.0,0.74926880707025911,78.51664708686769,83.0,49.562139159837699,107.47115501389769,y,3
69,0.1387122655632564,0.089,0.0,0.76365357180035631,80.49040599522908,84.0,51.541198141760574,109.43961384869759,y,2
70,0.14839744124945586,0.125,0.0,0.77494475696265253,81.06856114458888,84.0,51.6406190259396,110.49650326323817,y,3
71,0.08152132962365144,0.11,0.0,2.0765430123066504,80.91737625591371,84.0,51.508694896073038,110.32605761575438,g,2
72,0.1675926275317864,0.227,0.0,0.79932769763562728,80.4203324287174,84.0,51.029433187296,109.8112316701388,y,3
73,0.10784015511725142,0.095,0.0,0.73261907799607406,79.88858658214653,84.0,50.504845220172996,109.27232794412006,y,4
74,0.1145282500333269,0.065,0.0,0.73680759047310684,84.39557076930635,89.333,54.994539802433181,113.79660173617951,y,5
75,0.08808344717996636,0.059,0.0,0.71176665583898147,88.81168846468174,92.0,59.387517694195338,118.23585923516814,y,3
76,0.17235792300949937,0.086,0.0,0.79882823246088808,90.09271619743049,92.0,60.670301792703626,119.51513060215736,y,3
77,0.14687981665271477,0.105,0.0,0.77276290411644355,82.23737153180303,84.0,53.031203665354454,111.44353939825162,y,2
78,0.12365986952785524,0.097,0.0,0.74820861782867099,78.00333753505478,84.0,48.812294736115341,107.19438033399422,y,3
79,0.1517476839693013,0.095,0.0,0.7801644875386009,79.93882853306872,84.667,51.36791018760637,108.50974687853106,y,3
80,0.15914354476447193,0.188,0.0,0.7899677877654312,79.08937733492064,86.0,49.996632346461986,108.1821223233793,y,3
81,0.11421831814753636,0.077,0.0,0.73704269117233201,80.9623122933783,86.0,51.865474457709354,110.05915012904725,y,3
82,0.13908053356403477,0.087,0.0,0.76380501862666872,81.11455111054839,84.667,52.072426916034928,110.15667530506185,y,3
83,0.14643729355612964,0.101,0.0,0.32905966023455968,80.6476688357491,84.0,51.61742316796807,109.67791450353013,g,2
84,0.3457673497944518,0.118,0.16893765760418897,0.52259704198471457,80.29673444715482,84.0,51.282508190231837,109.3109607040778,g,3
85,0.1157916179758634,0.084,0.0,0.74048189520235042,76.36144052598073,80.0,47.382982785953402,105.33989826600805,y,2
86,0.12553443047887453,0.079,0.0,0.75031368699270828,76.72660582297792,80.0,48.188898045347855,105.26431360060798,y,3
87,0.12409020558131889,0.066,0.0,0.75024770437539312,73.98954633548395,76.333,45.457968720526438,102.52112395044146,y,2
88,0.1383533184805561,0.078,0.0,0.7725223440388358,67.90605691475494,69.0,39.372542027209462,96.439571802300421,y,2
89,0.3009218335468871,0.208,0.0,1.3564498679825658,64.4457056131879,69.0,35.931006776076487,92.960404450299308,g,3
90,0.10835638725374393,0.096,0.0,0.24805765204498126,58.77352199650563,62.333,30.293728796608931,87.253315196402326,g,4
91,0.1416338230094141,0.068,0.0,0.28460655088716436,53.91858107089972,59.0,25.449044062283399,82.388118079516033,g,3
92,0.1236111319677633,0.07,0.0,0.26263506360566174,49.61840116654432,55.333,21.156965580878101,78.079836752210525,g,3
93,0.11609280574892403,0.059,0.0,0.25180927533621156,43.665628751908436,48.0,14.787725869637555,72.543531634179317,g,2
94,2.9636526861923067,0.066,2.2145768181605732,3.7127285542240402,42.44344670986999,48.0,13.580995558096312,71.305897861643672,g,2
95,0.1310286364462847,0.072,0.0,0.27166516297587096,37.04975685098947,40.667,8.2257262733468082,65.873787428632127,g,2
96,0.23458710248210085,0.083,0.055027819426412716,0.41414638553778899,32.63618875151551,37.0,3.8184325272328863,61.453944975798137,g,2
97,0.11296035114352311,0.098,0.0,0.25606641648374462,32.11230187288898,37.0,3.2910897241417523,60.933514021636199,g,2
98,0.2352338846814831,0.061,0.094163128628407949,0.37630464073455827,27.15293149816238,30.0,0.0,55.95489526850821,g,2
99,0.12325735381066348,0.068,0.0,0.27826356824690718,26.035542424579454,30.0,0.0,54.840885808594592,g,2
100,0.10227264145856661,0.063,0.0,0.2495806219299499,25.616321508999533,28.667,0.0,54.419736650685209,g,2
101,0.1272809506216852,0.079,0.0,0.27552574816449182,24.45461077186686,26.0,0.0,52.805415480491341,g,2
102,0.1674666312874328,0.075,0.026961229152713762,0.30797203342215185,24.19842283086369,26.0,0.0,52.548928047140791,g,2
103,0.08384659908836806,0.133,0.0,0.22928861588891011,24.450768989394007,26.0,0.0,52.778247509361449,g,2
104,0.10684484948791872,0.066,0.0,0.26466605569422508,24.79969132167357,26.0,0.0,53.377374787269318,g,2
105,0.12257733560125861,0.074,0.0,0.27064088416186738,25.008446326876005,26.0,0.0,53.580732034997204,g,2
106,0.08908388668281031,0.491,0.0,2.4559536312799315,33.7143981513677,36.0,5.120492800177054,62.308303502558353,g,2
107,0.1094604091118292,0.327,0.0,0.263761080149849,37.35558514173144,36.0,8.7661087781466733,65.945061505316204,g,3
108,0.11821733058309292,0.081,0.0,0.80634134007623259,45.32535342168944,48.667,16.93292152705293,73.717785316325958,y,6
109,0.125615365018669,0.094,0.0,0.75180929979917188,74.56638548336207,74.0,45.679994044873112,103.45277692185103,y,5
110,0.4444830502917583,0.07,0.21902573745252085,0.6699403631309957,82.91669381907087,74.0,54.031975357292268,111.80141228084948,g,6
111,0.13977878162380486,0.07,0.0,0.76106387604568637,109.43802754883137,106.0,80.404980923561027,138.47107417410172,y,5
112,0.4210512121680918,0.087,0.0,1.0433380794230076,129.92182944588302,122.0,100.82916112372372,159.01449776804233,y,5
113,0.38939537891763454,0.086,0.0,1.0108741485636177,131.23265415250953,122.0,102.12278745730094,160.34252084771811,y,7
114,0.35757585057301267,0.089,0.0,1.0173230002654212,146.35387459225223,147.0,117.16627621683028,175.54147296767417,y,10
115,0.299272184112668,0.089,0.0,0.95836190166199853,147.27175861324537,147.0,118.0889156630104,176.45460156348034,y,10
116,0.2311997548439111,0.109,0.0,0.88011547043706317,142.50837085770254,147.0,113.32592726556264,171.69081444984243,y,10
117,0.18144739496888107,0.095,0.0,0.85305763856550787,149.08914559623287,147.0,119.996531869541,178.18175932292473,y,10
118,0.19810715346006041,0.09,0.0,0.83960432499654059,142.09805688496562,147.0,113.00373099127015,171.19238277866108,y,10
119,0.06845607800222892,0.134,0.0,0.71296658505169663,132.11743641173436,140.333,103.03237819180552,161.2024946316632,y,8
120,0.04231594633804303,0.057,0.0,0.67838109840968752,124.09078405861027,137.0,95.063360218618726,153.11820789860181,y,10
121,0.11658906113737585,0.058,0.0,0.73673720695893619,120.25547164284458,137.0,91.302741698172696,149.20820158751647,y,9
122,0.11465503404519584,0.057,0.0,0.73413188185435962,118.6719776542426,136.0,89.775573359166231,147.56838194931896,y,9
123,0.10205605318961841,0.059,0.0,0.7274853526895606,130.27810448656254,136.0,101.37299608105157,159.18321289207353,y,8
124,0.20051080241284758,0.056,0.0,0.82059706073109262,131.25896943733994,135.0,102.45402859810784,160.06391027657205,y,8
125,0.11230355007242276,0.06,0.0,0.73553147544676134,129.81573890413085,133.0,101.36717873103564,158.26429907722607,y,7
126,0.11863169449108374,0.056,0.0,0.74012567079529168,128.09909519400182,133.0,99.608517233816812,156.58967315418684,y,7
127,0.1233302653449253,0.058,0.0,0.74178950498157581,119.8670924856095,122.333,91.944882359299612,147.7893026119194,y,6
128,0.09600612224126859,0.062,0.0,0.71402001810867077,109.49900917557746,117.0,81.613436360476456,137.38458199067844,y,6
129,0.10359841231534783,0.059,0.0,0.72115907211228902,108.07745418716237,117.0,80.194299420018325,135.96060895430642,y,5
130,0.11697199493519567,0.063,0.0,0.73374099698317741,102.62729089788235,114.0,74.763894889386222,130.49068690637847,y,5
131,0.14635207007221018,0.07,0.0,0.76276050463855483,103.29856387563791,114.0,75.53873558156738,131.05839216970844,y,4
132,0.18886334923976267,0.062,0.0,0.80588246807473007,104.53164225805881,114.333,76.82121997725622,132.2420645388614,y,4
133,0.20049989184381323,0.089,0.0,0.81763719136525392,108.50869050276586,115.0,80.781005713463401,136.23637529206832,y,4
134,0.0,0.069,0.0,0.68567583091540885,112.32207413462592,115.0,84.597747801645681,140.04640046760616,g,2
135,0.2772790715843192,0.095,0.0,0.8990006481089573,109.57532418054197,111.0,81.875791806535773,137.27485655454817,y,3
136,0.23959831489320782,0.176,0.0,0.85955001914437912,106.7694594659931,109.0,79.089397216278655,134.44952171570753,y,3
137,0.17111650615741214,0.161,0.0,0.78835467702706652,103.82824800343212,109.0,76.11272900354524,131.543767003319,y,4
138,0.10254212521526074,0.084,0.0,0.7203031730688173,95.04847135033516,103.0,67.51897607434293,122.5779666263274,y,4
139,0.08509602495603569,0.06,0.0,0.70307624157888293,97.8414487431529,103.0,70.214166554037902,125.46873093226789,y,5
140,0.07449811132549106,0.067,0.0,0.69351646882570139,93.05945665134595,101.0,65.523249904618766,120.59566339807314,y,3
141,0.13120053141226487,0.062,0.0,0.74868431691008985,90.59386014179833,97.0,63.058925962501149,118.12879432109551,y,4
142,0.09485903697816733,0.076,0.0,0.71213493239840486,89.21295747939989,97.0,62.492183876952176,115.93373108184761,y,2
143,0.11516908804141329,0.073,0.0,0.73048101279255451,91.1502871872645,99.0,64.705764082283181,117.59481029224581,y,3
144,0.16325667897944307,0.143,0.0,0.78098463073108726,94.5079667877574,100.0,68.214750788557652,120.80118278695714,y,3
145,0.18342904678715688,0.139,0.0,0.80328050026643383,95.93005670959649,100.0,69.865551226778521,121.99456219241445,y,3
146,0.11280645282823598,0.086,0.0,0.7285248385230465,88.9184592321179,91.0,63.507716328528176,114.32920213570762,y,2
147,0.11702881594269508,0.104,0.0,0.73515255150988223,82.7593240393723,91.0,57.853824092321538,107.66482398642307,y,3
148,0.0919185249069959,0.087,0.0,0.31435847134823935,86.54813541453666,88.333,63.315267915473171,109.78100291360015,g,2
149,0.10524401563106678,0.086,0.0,0.72487595691733275,75.84956094365589,83.0,60.459894131926596,91.239227755385173,y,3
150,0.07845944484398346,0.07,0.0,0.68792213445028916,81.03249310394403,83.0,66.97270427194033,95.092281935947739,y,2
151,0.10719505688703981,0.089,0.0,0.75305338558724688,74.65959867469849,77.0,63.348319002864699,85.970878346532274,y,2
152,0.11897105858450296,0.324,0.0,0.75053709100841581,71.42231973956169,74.0,61.282614106247792,81.562025372875581,y,2
153,0.09428501565924448,0.135,0.0,0.69172867604498589,72.03594155155423,74.0,61.888166424339659,82.183716678768803,y,2
154,0.11188262701733759,0.064,0.0,0.70593931056859005,64.63553540905457,67.0,54.473360745822909,74.797710072286236,y,4
155,0.10181438515438401,0.062,0.0,0.26091769034633117,63.06067471276401,67.0,52.91041507534684,73.210934350181191,g,3
156,0.0978482288599512,0.058,0.0,0.6693520992680535,59.792185521434135,63.667,49.671907743302377,69.912463299565886,y,3
157,0.0933346107117118,0.066,0.0,0.25079130755925411,51.935370012563055,57.0,41.832985233430605,62.037754791695505,g,2
158,0.12088836950715694,0.074,0.0,0.27441943419596859,51.343644718585665,57.0,41.221438624319134,61.465850812852196,g,2
159,0.12544519487587208,0.098,0.0,0.28318725244463189,41.62078148170133,47.0,31.475726422312952,51.765836541089705,g,2
160,0.11412715868104535,0.076,0.0,0.26665200999613109,35.07455796346598,42.0,24.941206626554546,45.207909300377409,g,2
161,0.10864236384538865,0.105,0.0,0.32332702293707061,36.68609425183536,42.0,26.491625449599674,46.88056305407104,g,2
162,0.11916879518375338,0.081,0.0,0.27561984866940115,34.59246686488317,37.0,24.468194487081092,44.71673924268525,g,2
163,0.3090768908318271,0.076,0.11896661397540265,0.49918716768825155,36.098084126196284,37.0,25.967445281057618,46.228722971334946,g,3
164,0.11778631059891197,0.084,0.0,0.28911090183001792,35.8027774648648,35.333,25.676411445803005,45.929143483926602,g,3
165,0.14192192637814038,0.065,0.0,0.30945840228728871,31.83748681612758,32.0,21.718499959187533,41.956473673067627,g,2
166,0.11708732643243083,0.059,0.0,0.27212497777515882,30.430913141667112,32.0,20.323317374880652,40.538508908453572,g,2
167,0.2234700780670426,0.173,0.01472889764658214,0.43221125848750308,31.823455065247117,33.333,21.73905619522403,41.907853935270204,g,2
168,0.12001459286031686,0.088,0.0,0.27790973913821748,33.33687083911133,34.0,23.255271069413396,43.418470608809258,g,2
169,0.1711646290148405,0.054,0.013516987957917337,0.32881227007176367,33.78875844194516,34.0,23.706627364017756,43.87088951987257,g,3
170,0.12253445380207129,0.179,0.0,0.72995731152461385,48.263596638338186,46.0,37.990411306347227,58.536781970329145,y,2
171,0.11566133781544069,0.099,0.0,0.68545830918507566,51.82735414859707,46.0,41.566072527415528,62.088635769778605,y,4
172,0.09995258439207638,0.075,0.0,0.64855650625456374,69.29775317448025,62.0,58.911256947437579,79.684249401522919,y,2
173,0.38099686278998046,0.775,0.0,0.9871312141696249,110.94680343597975,94.0,99.879966277883895,122.0136405940756,y,3
174,0.2057051110201761,1.334,0.0,0.73993155012907341,114.01804413936065,94.0,102.62898879357384,125.40709948514747,y,5
175,0.1382475246761577,0.263,0.0,0.69661089021299016,153.65030979394305,135.333,141.80609608999433,165.49452349789178,y,9
176,0.2762097874908753,0.624,0.0,0.88710724132525187,178.91853293863153,156.0,167.08092478828513,190.75614108897793,y,10
177,0.2940114795177136,0.266,0.0,0.86886423755938158,170.55115449251207,156.0,158.14574846871437,182.95656051630976,y,10
178,0.44101995938412875,0.505,0.0,1.0382846145089824,185.49083864382442,182.0,172.98852965738482,197.99314763026402,y,10
179,0.44141699287826974,0.564,0.0,1.0045353138710111,181.29039147313597,182.0,168.78154988977161,193.79923305650033,y,10
180,0.3630045254730252,0.133,0.0,0.91222194993203998,178.45228462037073,186.0,165.91974501461294,190.98482422612852,y,10
181,0.3290479238554691,0.148,0.0,0.8792013688148731,185.0170367889341,194.0,172.23230272645503,197.80177085141315,y,10
182,0.27247619828620273,0.058,0.0,0.81654693041041682,188.69803544123727,194.0,175.84539777327208,201.55067310920245,y,10
183,0.22529200655666637,0.063,0.0,0.76472886793772765,184.59503131295875,188.667,171.84152925464707,197.34853337127043,y,10
184,0.17268171732830195,0.06,0.0,0.71515476098545505,180.9578466148725,186.0,168.2167033107464,193.69898991899859,y,10
185,0.2074961777610621,0.06,0.0,0.73975600652281892,181.16828988405842,186.0,168.41105388452172,193.92552588359513,y,10
186,0.1681616301475508,0.061,0.0,0.69260531314334284,160.7643803620681,168.0,147.82588194432202,173.70287877981417,y,10
187,0.07714680295179588,0.057,0.0,0.62476397609303502,155.96466297968038,168.0,142.97502117309708,168.95430478626369,y,8
188,0.23987560115999715,0.068,0.0,0.76573290536340777,149.69327095803874,160.667,136.68796053463501,162.69858138144247,y,8
189,0.12622746585310862,0.066,0.0,0.64779040734529092,134.38118220145896,146.0,121.3935153188125,147.36884908410542,y,7
190,0.13234025462040877,0.06,0.0,0.65349380810177748,133.76022542317833,146.0,120.68497635533828,146.83547449101837,y,7
191,0.2083520545227867,0.066,0.0,0.73063523609886716,129.81983285433978,138.0,116.73448453901091,142.90518116966865,y,7
192,0.0,0.069,0.0,0.45800502799598602,128.20837170926973,134.0,115.11185983681509,141.30488358172437,g,5
193,0.18889498510498748,0.074,0.0,0.71118046986402406,131.02683346487527,134.0,117.90579194051001,144.14787498924051,y,6
194,0.22020700669611792,0.074,0.0,0.74329645824363189,128.9150421062049,130.0,115.95271848835797,141.87736572405183,y,6
195,0.19461644334086148,0.08,0.0,0.71707941022402255,128.37916786322995,130.0,115.41789093995332,141.34044478650659,y,6
196,0.13286541745603364,0.076,0.0,0.65465589120861534,129.56035922358643,131.333,116.59144542861448,142.5292730185584,y,5
197,0.23586558311254674,0.072,0.0,0.76068031118859536,132.542502652942,134.0,119.55716670207963,145.52783860380438,y,5
198,0.268036563120595,0.09,0.0,0.79396720835202861,132.535122043239,134.0,119.59368801896611,145.47655606751189,y,6
199,0.22632729354985304,0.085,0.0,0.751715771742959,131.3628572449669,134.0,118.41965376497862,144.30606072495519,y,6
200,0.1646210898050542,0.076,0.0,0.6884045043386976,130.29765929121652,134.0,117.36943581538728,143.22588276704576,y,6
201,0.1868858255753133,0.077,0.0,0.71106035321063898,129.95969468464722,134.0,117.03558744886142,142.88380192043303,y,6
202,0.09784121385576716,0.064,0.0,0.62178991951819784,119.56977181943284,125.0,106.77531761745291,132.36422602141278,y,4
203,2.860770351906754,0.075,2.4012464777222093,3.3202942260912987,117.28668044981987,125.0,104.46759595681016,130.10576494282958,g,5
204,0.1813751635399381,0.078,0.0,0.70361325149364429,116.41702662383818,122.667,103.57789435104564,129.25615889663072,y,5
205,0.1801149939196156,0.061,0.0,0.70229867110412303,113.08457104655685,118.0,100.25333820505109,125.9158038880626,y,5
206,0.09613506141560102,0.076,0.0,0.5737695240419014,114.100466564665,118.0,101.25209968214497,126.94883344718502,y,3
207,0.19894578854527287,0.079,0.034713681486252423,0.36317789560429331,112.94351137937909,115.333,100.09551366925174,125.79150908950643,g,4
208,0.19081939758966143,0.107,0.0,0.6465102610142629,111.7779709320944,114.0,98.929144618940882,124.62679724524793,y,4
209,0.17406754429141436,0.098,0.0,0.61306632149814311,111.80159528078303,114.0,98.948217756949163,124.6549728046169,y,4
210,0.12339689312965163,0.085,0.0,0.5433805828621312,97.56756289052896,102.0,84.624548863597852,110.51057691746007,y,3
211,0.11479680406105869,0.091,0.0,0.53481104795523293,93.55543964425533,102.0,80.591825701754317,106.51905358675634,y,4
212,0.15449120844204792,0.109,0.0,0.5754062144769071,90.18814665058164,98.0,77.219866778744773,103.15642652241851,y,4
213,0.18417205340849296,0.084,0.0,0.37627982134372001,82.65070969167733,90.0,69.727827728998406,95.573591654356264,g,4
214,0.1232585044717916,0.071,0.0,0.54298192182137317,83.48925485148084,90.0,70.512464609778846,96.466045093182828,y,3
215,0.12230533639377231,0.115,0.0,0.54724027163516231,80.85968091394795,84.667,67.881842504869866,93.837519323026044,y,3
216,0.09939244016435372,0.084,0.0,0.51066818888747001,79.14872190575393,82.0,66.169887830953002,92.12755598055486,y,2
217,0.1390210369161389,0.09,0.0,0.55015697928939389,80.29753561341965,82.0,67.311074875416054,93.283996351423255,y,3
218,0.10924906835696113,0.076,0.0,0.51922219566687122,68.42499912243625,71.0,55.348048562960649,81.501949681911839,y,2
219,0.06960023748889843,0.067,0.0,0.48723818864850665,65.2038950737479,71.0,52.136674052523183,78.271116094972626,y,2
220,0.05596427860686504,0.227,0.0,0.48789556561927627,61.37673218522758,67.0,48.347733840159933,74.40573053029523,y,2
221,0.1080380018178276,0.119,0.0,0.5784495632239024,52.75073440258927,59.0,39.762754927587928,65.738713877590612,y,3
222,0.09455941194535322,0.061,0.0,0.24935490873944566,52.56827638388222,59.0,39.549538304460171,65.587014463304271,g,4
223,0.10806224330189984,0.056,0.0,0.26641197199402078,44.60417724704348,49.667,31.623568258597835,57.584786235489126,g,3
224,0.08173210373665896,0.064,0.0,0.23123547279682904,39.225444182891465,45.0,26.277873695287887,52.173014670495043,g,3
225,0.12376302415807826,0.057,0.0,0.27894291801496601,40.73488429252063,45.0,27.753152002789832,53.716616582251433,g,2
226,0.0960049954461168,0.06,0.0,0.24570128944460357,33.340580078909056,36.0,20.445368132234535,46.235792025583578,g,2
227,0.10208816613492022,0.069,0.0,0.25890931650383964,32.79139420295593,36.0,19.895774111264661,45.687014294647199,g,2
228,0.12192013897304603,0.081,0.0,0.27504433873229189,33.81053571112028,35.333,20.911026003071282,46.710045419169276,g,2
229,0.11298366823839778,0.09,0.0,0.26269788034396335,33.693117630009894,34.0,20.794290464603428,46.59194479541636,g,2
230,0.08852424016741814,0.086,0.0,0.2729450860794278,33.94857556080488,34.0,21.055676115058649,46.841475006551121,g,2
231,0.1994415637170301,0.091,0.012958059972879271,0.38592506746118094,34.69943751407935,34.667,21.817057094008078,47.581817934150621,g,2
232,0.3832436634890423,0.107,0.12377061782329363,0.64271670915479095,34.96038660628526,35.0,22.079530621575429,47.841242590995094,g,4
233,0.1599715529554172,0.102,0.011261818501206389,0.30868128740962802,34.54015503248236,35.0,21.659323523807572,47.420986541157149,g,4
234,0.09707379353270618,0.09,0.0,0.52570294290592723,44.66683002381569,44.0,31.699069337731551,57.634590709899832,y,2
235,0.07666511124041758,0.075,0.0,0.50709479626518772,47.36244649556545,44.0,34.399151720154514,60.325741270976387,y,4
236,0.10224736864053488,0.073,0.0,0.51110102705631622,64.02677469737546,59.0,50.93572595531473,77.117823439436179,y,3
237,1.2234759625842027,0.733,0.69041834137192348,1.7565335837964819,103.24836689423182,89.0,89.593291857152863,116.90344193131078,y,3
238,0.15349132607102406,1.092,0.0,0.56914740381302642,108.14603403815113,89.0,94.297622238675814,121.99444583762644,y,5
239,0.15588565622662998,0.068,0.0,0.57294395314723134,144.46091511103896,127.0,130.31736387557606,158.60446634650185,y,7
240,0.2370516301401624,0.061,0.0,0.66262823999249787,167.45698019120113,146.0,153.31378673127651,181.60017365112574,y,7
241,0.26389029094511685,0.066,0.0,0.69043907996613219,159.81275004873942,146.0,145.24285358489763,174.3826465125812,y,8
242,0.20945570992282292,0.07,0.0,0.63435523869850141,168.06125814730478,166.0,153.46804996781856,182.65446632679101,y,8
243,0.18185381496931186,0.064,0.0,0.60411289362907017,162.72483894058925,166.0,148.14212537376355,177.30755250741495,y,8
244,0.15983906756458177,0.064,0.0,0.58048832181723609,158.32148294540514,167.667,143.73110492068466,172.91186097012562,y,8
245,0.16586643858121963,0.054,0.0,0.58738809453821506,160.40711361437934,171.0,145.66957733497196,175.14464989378672,y,8
246,0.1354950025103605,0.06,0.0,0.55691510704805047,163.83117011189165,171.0,148.99731993698299,178.66502028680031,y,7
247,0.21103193172325563,0.06,0.0,0.63813001895828125,166.90078638461011,170.333,152.08917046762906,181.71240230159117,y,7
248,0.13705507429811936,0.061,0.0,0.55973788470160712,169.16722610065926,170.0,154.35077816885686,183.98367403246166,y,6
249,0.19410124251243643,0.064,0.0,0.62127975857129436,170.12179340298331,170.0,155.31364694781107,184.92993985815556,y,6
250,0.204836874968497,0.063,0.0,0.62969253513054757,150.11897341773874,154.0,135.08361644278295,165.15433039269453,y,6
251,0.11082427591093591,0.057,0.0,0.53152964980824424,143.39283810208008,154.0,128.34673582561197,158.43894037854818,y,5
252,0.27365016435448597,0.07,0.0,0.69994546717603434,140.68325944369985,151.333,125.58944079444987,155.77707809294984,y,5
253,0.0,0.083,0.0,0.15778962901484431,136.5845958049191,146.0,121.46941540922482,151.69977620061337,g,3
254,0.20425586250234318,0.087,0.0,0.62819721408370244,138.42032291183978,146.0,123.22829095232132,153.61235487135824,y,5
255,0.17580036476443528,0.079,0.0,0.59812382909083461,131.2638691403829,136.667,116.08317284040879,146.444565440357,y,5
256,0.2026400746725736,0.093,0.0,0.62567908661932181,125.53162286882367,132.0,110.4673738579047,140.59587187974265,y,5
257,0.16423323927363764,0.083,0.0,0.58627873955941556,126.3331833206521,132.0,111.23409652965059,141.43227011165359,y,5
258,0.11644977911425536,0.085,0.0,0.53684650142064605,121.98590118838831,126.0,106.90256164068552,137.0692407360911,y,4
259,0.10505564327242034,0.071,0.0,0.52600580009783671,122.16522955776497,126.0,107.4313570370726,136.89910207845736,y,5
260,0.12012818716384446,0.091,0.0,0.54028457966799037,121.35228787981302,124.333,106.80100314538154,135.9035726142445,y,4
261,0.10478091613868107,0.081,0.0,0.50070830512379705,117.73502888857482,121.0,103.19298771949349,132.27707005765615,y,5
262,0.1078627401868747,0.078,0.0,0.50364550362522664,116.91395013511743,121.0,102.48145840488345,131.34644186535141,y,4
263,0.24201493884350866,0.081,0.0,0.63338604336566195,116.71147935640408,120.333,102.66283391503775,130.76012479777043,y,4
264,0.14956586330382837,0.101,0.0,0.52332755721158608,116.82199021874982,120.0,102.76467888606959,130.87930155143005,y,3
265,0.14051422094514965,0.12,0.0,0.5123697385352346,117.39167166437238,120.0,103.33088553097035,131.4524577977744,y,4
266,0.08125346139679399,0.15,0.0,0.84161755413666683,110.75928545224883,114.0,96.703745961885133,124.81482494261253,g,2
267,0.09091843244402022,0.113,0.0,0.45327888135828098,109.03064846875475,114.0,94.967310018897791,123.09398691861171,y,4
268,0.14649582480512108,0.12,0.0,0.48332706515513224,103.45109237539243,108.667,89.477232945479457,117.42495180530541,y,3
269,0.14064789648625284,0.13,0.0,0.41991819167537237,100.05278404802846,106.0,86.151032207710514,113.9545358883464,y,4
270,0.14216531555746237,0.096,0.0,0.4134741462917505,101.03488484998047,106.0,87.141134909014681,114.92863479094626,y,3
271,0.13312728576517063,0.121,0.0,0.40379823673261278,99.87862044990493,103.0,86.017367258389456,113.7398736414204,y,4
272,0.11664881921658832,0.108,0.0,0.38363609861510684,100.77293065196545,103.0,86.905986920023565,114.63987438390734,y,3
273,0.10414273744618285,0.114,0.0,0.37077512884294911,99.89804930144659,101.333,86.033163474625582,113.7629351282676,y,4
274,0.10427399704702434,0.089,0.0,0.37098567705432045,95.87272027038591,98.0,82.020985089449596,109.72445545132223,y,3
275,0.10341613235446279,0.062,0.0,0.36921788556612217,94.6698662699414,98.0,80.833611117411252,108.50612142247154,y,4
276,0.10030013673644655,0.063,0.0,0.36505459433123016,79.17724415820862,84.667,65.328339428296985,93.026148888120261,y,3
277,0.0971503662948191,0.065,0.0,0.36133494153973439,67.47071800392536,78.0,53.651516262017516,81.289919745833203,y,3
278,0.1123818476693762,0.082,0.0,0.37635419041226198,67.2282647410168,78.0,53.308644838879005,81.147884643154597,y,2
279,0.16773534064344167,0.071,0.018921410760306484,0.31654927052657689,63.79197601377933,71.0,49.912512205755178,77.671439821803489,g,3
280,0.15832086048282715,0.073,0.0,0.32500608093298278,66.65389872515243,71.0,52.745515177225286,80.562282273079575,g,3
281,0.10921140501093363,0.071,0.0,0.27624806570741706,65.7409154305959,66.667,51.840786832094793,79.641044029097017,g,2
282,0.1603451652437222,0.072,0.0,0.36423301250457352,56.855686357998934,58.0,42.897118917651355,70.814253798346513,g,2
283,0.1702464087746384,0.113,0.0,0.36755359721427577,54.63330199646478,58.0,40.674021801090326,68.592582191839227,g,2
284,2.190018503634777,0.101,1.5924638309227561,2.7875731763467977,48.29295002023508,52.0,34.336752923404696,62.249147117065469,g,4
285,0.12541368603929168,0.119,0.0,0.28952853452274885,43.965380119246106,49.0,30.009191466468419,57.92156877202379,g,4
286,0.11551088127308429,0.057,0.0,0.29132578185119518,44.33814885603056,49.0,30.361648217481168,58.314649494579946,g,3
287,0.09944996999365491,0.061,0.0,0.25976589883615708,37.26216877850578,41.0,23.295881356856171,51.228456200155392,g,3
288,0.08641460202644956,0.063,0.0,0.25555698484468675,36.4633137827023,41.0,22.484100932576986,50.442526632827615,g,2
289,0.07601759172404365,0.053,0.0,0.23638655841233003,35.666597975048035,38.667,21.721551892184195,49.611644057911874,g,2
290,0.089112910809324,0.073,0.0,0.27988059285632244,31.807935688234863,34.0,17.948032507263505,45.667838869206221,g,2
291,0.11015752545343388,0.075,0.0,0.26607831333680998,31.804736200362868,34.0,17.954138952901907,45.655333447823828,g,2
292,0.10427750507037056,0.076,0.0,0.26696707569399503,33.084315529750654,34.0,19.230357154538353,46.938273904962955,g,2
293,0.13628703329118874,0.079,0.0,0.30645033822316547,34.20853363829376,34.0,20.358209266501632,48.058858010085885,g,2
294,0.03699524444889324,0.068,0.0,0.23261245278328394,34.59666517574556,34.0,20.74631278776679,48.447017563724323,g,2
295,0.2583638717250413,0.086,0.0,0.70633584305812491,35.361773553134945,35.0,21.564580579330109,49.158966526939778,g,3
296,0.11935588229173977,0.09,0.0,0.27561444694534182,35.04445498303473,35.0,21.25448007001237,48.834429896057095,g,3
297,0.12661344148126794,0.062,0.0,0.30190039152108489,37.33325451660164,37.667,23.536839358618721,51.129669674584562,g,2
298,0.23367749490165954,0.234,0.0,0.52641744565781479,43.68098939241156,43.0,29.864032427974287,57.497946356848836,y,2
299,0.1029708273514026,0.237,0.0,0.36798045901602883,45.09244029556773,43.0,31.274914628397831,58.909965962737623,y,3
300,0.10325168427002639,0.113,0.0,0.36827455025103656,74.29806679360854,69.667,59.970581039007186,88.625552548209896,y,6
301,0.10226164288227646,0.058,0.0,0.36704225496354659,97.83319219626219,83.0,83.466897046180335,112.19948734634404,y,5
302,0.10915627172320153,0.065,0.0,0.30489178623706692,98.43704575488096,83.0,83.873051183773512,113.0010403259884,y,5
303,0.10947480654081865,0.081,0.0,0.30346109540459221,139.96142436510354,127.0,124.72055498987069,155.20229374033639,y,4
304,0.1074812255975588,0.069,0.0,0.30170049311422875,145.8315682042271,127.0,130.45218515525326,161.21095125320093,y,5
305,0.10687989259142405,0.079,0.0,0.30106813223299667,144.4117873210639,134.667,128.92589499278077,159.89767964934705,y,4
306,0.10198807444761648,0.079,0.0,0.29703166034697892,151.72855979502697,150.0,136.21807702983074,167.2390425602232,y,4
307,0.2662407009358079,0.19,0.056386411858935503,0.47609499001268024,147.87876547667804,150.0,132.38399185367754,163.37353909967854,y,5
308,0.11161384730639479,0.299,0.0,0.30765166632597174,139.7261312350842,147.333,124.29225414719522,155.1600083229732,y,5
309,0.09254647615437342,0.1,0.0,0.28808672362784865,134.43722233532822,146.0,118.99225339388272,149.88219127677371,y,8
310,0.0883673649686223,0.494,0.0,0.29447302593876756,134.66395745097157,146.0,119.11042385418553,150.21749104775759,y,10
311,0.10331056477095846,0.206,0.0,0.30868378241010275,139.0408097303532,146.0,123.43997416095881,154.64164529974761,y,9
312,0.10079166159391373,0.085,0.0,0.30651236494512868,144.09251471027392,146.0,128.46241614546679,159.72261327508105,y,10
313,0.1020176051161521,0.132,0.0,0.30470785154047597,144.1520882125173,143.333,128.52963731068644,159.77453911434816,y,9
314,0.1015442401537976,0.083,0.0,0.30788489310483391,137.7734018577737,138.0,122.11818318541957,153.42862053012786,y,10
315,0.11149336676399324,0.054,0.0,0.31613545791319175,134.8908260254937,138.0,119.26008950108417,150.52156254990325,y,9
316,0.11308100593926218,0.058,0.0,0.31746665179203715,127.59101365863665,132.667,112.00329419098995,143.17873312628336,y,9
317,0.10075796496194522,0.056,0.0,0.30711137718274756,122.29708412484956,130.0,106.7158232316436,137.87834501805554,y,8
318,0.10672687030217443,0.055,0.0,0.31154509968085298,121.89356608692515,130.0,106.26554763432968,137.52158453952063,y,8
319,0.10650673706851599,0.06,0.0,0.31138122461697304,106.04756789867952,114.0,90.366920121213553,121.72821567614548,y,7
320,0.09654820471536961,0.056,0.0,0.25184456986638559,102.41403174989966,114.0,87.022980180860685,117.80508331893864,g,7
321,0.11021016139644324,0.057,0.0,0.31339660151965559,105.18441961672579,113.667,89.705295406768542,120.66354382668304,y,6
322,0.14418392291810767,0.064,0.0,0.30653704406665488,109.76778740568909,113.0,94.260513187477727,125.27506162390046,g,6
323,0.1042799525979754,0.068,0.0,0.30706226782212109,114.1696697383814,113.0,99.010556192017177,129.32878328474561,y,5
324,0.1032743569133614,0.062,0.0,0.30585312979708157,112.91804410469081,111.0,98.406127684640552,127.42996052474106,y,5
325,0.10086042085555302,0.07,0.0,0.30344985062507146,110.02739747103078,110.0,95.525163192776802,124.52963174928476,y,4
326,0.10544829330981265,0.068,0.0,0.30816875880049899,107.47236546608474,110.0,93.083779082581003,121.86095184958847,y,4
327,0.1050709481926489,0.097,0.0,0.30770614845263178,110.75777949913925,114.0,96.567982318294142,124.94757667998435,y,3
328,0.12728233300717007,0.122,0.0,0.33279689526722822,111.52432092305997,114.0,97.416967151790203,125.63167469432975,y,4
329,0.10337655775528165,0.082,0.0,0.30596677673005196,111.04581880819904,113.667,96.937841346029316,125.15379627036877,y,3
330,0.14336327052244796,0.111,0.0,0.51522580910533966,110.01375169046088,113.0,95.923456809116445,124.10404657180531,g,4
331,0.10637884538521411,0.103,0.0,0.30983508696175577,109.93220537312118,113.0,95.840816014175687,124.02359473206667,y,3
332,0.10551684444145155,0.108,0.0,0.30900549184075937,108.84300553472568,111.667,94.781229238599352,122.904781830852,y,4
333,0.11031271967862066,0.088,0.0,0.31306861633404492,108.20787484213355,111.0,94.142200847734685,122.27354883653241,y,3
334,0.10970704962659839,0.092,0.0,0.31235661966924461,108.5330211066389,111.0,94.461544250388727,122.60449796288907,y,4
335,0.10952450549650772,0.081,0.0,0.31226062591688875,103.02691965713632,106.0,89.165055439276955,116.88878387499568,y,3
336,0.10258849976724149,0.088,0.0,0.30519208171176315,101.65153782492791,106.0,87.803182577392377,115.49989307246345,y,4
337,0.10743594676817958,0.077,0.0,0.31052563969656843,99.84747228443501,104.0,86.015769514894416,113.67917505397561,y,3
338,0.18863364794232235,0.1,0.0,0.39859270325060658,95.62877842131346,100.0,81.915756980370702,109.34179986225621,y,3
339,0.16124577458254352,0.127,0.0,0.36928704240114535,95.5443981516105,100.0,81.824958772675814,109.26383753054517,y,3
340,0.10902836897340018,0.124,0.0,0.31199771178559454,98.6208418772062,101.333,84.902547706361943,112.33913604805046,y,2
341,0.10282773391884614,0.089,0.0,0.30663633761768383,101.38187858096376,102.0,87.661113745744004,115.10264341618351,y,3
342,0.11341677852811749,0.094,0.0,0.30089492299807707,102.21294822618846,102.0,88.496132560309547,115.92976389206737,g,2
343,6.356458520724891,0.078,5.9646160795598968,6.7483009618898846,74.10186695462335,78.0,59.906006924997769,88.297726984248925,g,3
344,0.2771927184074414,0.083,0.050851565292994311,0.50353387152188855,64.89490401148896,78.0,50.726740295279455,79.063067727698467,g,4
345,0.05046339924314803,0.077,0.0,0.29117407371652099,61.89724082758789,74.333,47.665125872988497,76.129355782187289,g,4
346,0.23819956832180006,0.062,0.081231118691435567,0.39516801795216455,57.71701800083713,67.0,43.463476492690198,71.970559508984053,g,4
347,0.18089502215447162,0.055,0.0,0.39531065868954213,61.13038987737946,67.0,46.801951107420187,75.458828647338734,g,4
348,0.0768094822897849,0.056,0.0,0.22988509762911763,57.931695205240516,59.667,43.60144683386379,72.261943576617242,g,2
349,0.08977780440924121,0.055,0.0,0.24895509075984532,54.7443044105585,56.0,40.41660000712308,69.072008813993918,g,2
350,0.0644495052766856,0.09,0.0,0.24636668493886127,54.95875161905778,56.0,40.629984714130181,69.287518523985383,g,2
351,0.11420772392608111,0.086,0.0,0.38906145872865294,44.601554117563296,46.0,30.277940029453212,58.92516820567338,g,2
352,0.36651833346974083,0.102,0.0,1.430196944588179,41.26916058310394,46.0,26.946171673136885,55.592149493070991,g,4
353,0.17123450409275956,0.081,0.0,0.35178494641998986,38.61303205206849,43.333,24.320596679897399,52.905467424239582,g,4
354,0.11431968692555028,0.064,0.0,0.31074208347599552,33.329331665988235,38.0,19.09819094286339,47.56047238911308,g,3
355,0.06769748854263262,0.054,0.0,0.23805367057437171,33.18812106412486,38.0,18.940925365383965,47.435316762865753,g,3
356,0.11743558486793568,0.056,0.0,0.28069071989135097,33.83743513464003,36.667,19.584586828403225,48.090283440876838,g,2
357,0.07880017583454642,0.066,0.0,0.24601745719897006,34.95603997608151,36.0,20.70078377406977,49.211296178093257,g,2
358,0.11159882753126205,0.083,0.0,0.27378268563480113,36.27818532466941,36.0,22.023471748490564,50.532898900848252,g,2
359,0.12134334017265411,0.096,0.0,0.60503438378578822,35.82531952483029,35.0,21.652588955441466,49.998050094219117,g,2
360,0.14854214982225966,0.08,0.0,0.31143487926124991,35.24785687338783,35.0,21.081513593241027,49.414200153534637,g,2
361,0.1271247213373346,0.076,0.0,0.29207951872939375,37.13719566225245,37.333,22.976342965461633,51.298048359043271,g,2
362,0.00013555289472202425,0.293,0.0,4.0941985842901563,42.50663600608914,42.0,28.37371962935423,56.63955238282405,g,2
363,0.05490901860656883,0.456,0.0,0.23947377048354809,43.62327103743276,42.0,29.490226869588987,57.756315205276529,g,2
364,0.10384207103385651,0.096,0.0,0.30963754833947355,65.0344817572884,62.667,50.601486663338278,79.46747685123853,y,6
365,0.10567309902361899,0.057,0.0,0.30878893836019961,82.64776723033367,73.0,68.168548120846154,97.126986339821187,y,5
366,0.10196414646361474,0.07,0.0,0.30475032993292828,84.09826997647679,73.0,69.533742979088657,98.662796973864914,y,5
367,0.20251527635889524,0.069,0.045277753011247229,0.35975279970654328,117.7898760220528,109.0,102.76691008365516,132.81284196045044,g,5
368,0.10676172805251927,0.073,0.0,0.30966995112375895,123.80279350409694,109.0,108.71962189693595,138.88596511125795,y,4
369,0.549945458376431,0.072,0.0,2.7005600833962418,127.17578693868666,118.333,112.06471392060035,142.28685995677296,g,4
370,0.24555980723958015,0.502,0.02369984676357767,0.46741976771558263,141.1287028559908,137.0,125.93792533808272,156.3194803738989,y,4
371,0.10828299829469756,0.558,0.0,0.32384304251115847,140.17624618601036,137.0,124.99414831394937,155.35834405807137,y,5
372,0.10529265494224394,0.062,0.0,0.32133149774462466,144.05175421452213,145.667,128.8819245314842,159.22158389756007,y,8
373,0.1031169669602785,0.062,0.0,0.31877477855244096,146.90045118674726,150.0,131.71951091318766,162.08139146030686,y,7
374,0.10565794701440678,0.059,0.0,0.32066342677316184,146.0173288296076,150.0,130.85034455884897,161.18431310036624,y,7
375,0.10363936073497904,0.06,0.0,0.31916148455876936,141.81307202075592,147.0,126.81308295105406,156.81306109045778,y,6
376,0.10561391326754244,0.063,0.0,0.32068476348714603,140.496272478545,147.0,125.48112648383642,155.51141847325357,y,6
377,0.10469355800522262,0.065,0.0,0.31993136613353312,137.10634360505094,143.0,122.08656680383503,152.12612040626684,y,5
378,0.10520659925983455,0.069,0.0,0.32030434393688384,135.18637702533954,141.0,120.16293678501032,150.20981726566876,y,5
379,0.10160736070457399,0.095,0.0,0.31747394912188043,136.2276560887525,141.0,121.23392044502275,151.22139173248226,y,4
380,0.10504495946828474,0.063,0.0,0.32016889440038077,126.75933795655828,130.0,111.7898236918014,141.72885222131518,y,5
381,0.10452887751176254,0.063,0.0,0.31973005988158687,123.87563901375796,130.0,108.90677550294372,138.84450252457222,y,4
382,0.0368614023421463,0.067,0.0,0.23691706174296753,118.4111522447338,124.0,103.45645514138658,133.36584934808101,g,4
383,0.09929688682921478,0.085,0.0,0.314950097429614,106.00948778340114,112.0,91.065844293923263,120.95313127287902,y,2
384,0.10207545278229646,0.077,0.0,0.31707150982942778,102.88674896810869,112.0,88.346633390991485,117.4268645452259,y,4
385,0.10028780181134556,0.07,0.0,0.31546589502440853,100.58292779816713,108.667,86.045002323115128,115.12085327321914,y,3
386,0.3148182049559106,0.115,0.089998445536194904,0.53963796437562639,100.4256546458331,107.0,85.866804115105381,114.98450517656083,y,3
387,0.07910065235245578,0.199,0.0,0.27167149337011348,103.58862381249935,107.0,89.17878819175742,117.99845943324128,g,2
388,0.10026386919718266,0.157,0.0,0.31563117454225559,103.6914848459067,105.0,89.969089820317421,117.41387987149598,y,4
389,0.10621648363856973,0.08,0.0,0.32124490350392143,104.66006296334484,105.0,90.983256947991521,118.33686897869816,y,4
390,0.10242306267729329,0.076,0.0,0.31757079498072371,104.19118028540137,104.0,90.546940528843734,117.83542004195901,y,5
391,0.10441133074652753,0.067,0.0,0.31983360545201422,101.57005361248832,102.0,88.081919632852092,115.05818759212455,y,4
392,0.10050017631207542,0.069,0.0,0.31679996111335129,99.89766076259701,102.0,86.454310233935772,113.34101129125825,y,4
393,0.10639662476521194,0.066,0.0,0.32148439644640026,98.34254868714405,101.333,84.907053580186783,111.77804379410131,y,3
394,0.5774321004415099,0.096,0.0,2.965239670515265,97.46641358482589,101.0,84.024453791111029,110.90837337854074,g,3
395,0.12297134923817066,0.122,0.0,0.34013542263143792,97.40902414752208,101.0,83.956258154760363,110.86179014028379,y,2
396,0.11370124401454429,0.14,0.0,0.32995678831018294,90.89666719237414,94.0,77.432192273820647,104.36114211092763,y,3
397,0.2381132373855106,0.272,0.016546817770069833,0.45967965700095137,88.68040684775116,94.0,75.208306355928144,102.15250733957417,y,3
398,0.10545427244111227,0.101,0.0,0.32184115726947432,90.40879499821688,95.333,76.900597526352698,103.91699247008106,y,4
399,0.10272076277976838,0.061,0.0,0.32084073566222293,96.11788030459252,98.0,82.828736284290173,109.40702432489486,y,5
400,0.10438304997708725,0.064,0.0,0.32108766506800968,98.7831522050563,98.0,85.491858341460315,112.07444606865228,y,4
401,0.10491098980046054,0.07,0.0,0.32149747330948836,91.73101111707842,90.667,78.372325735170861,105.08969649898599,y,4
402,0.10456060186828209,0.066,0.0,0.32115982675993532,84.04957390464722,87.0,70.669879479571989,97.429268329722447,y,3
403,0.10159812070928842,0.088,0.0,0.31861440122694096,81.41874240111167,87.0,68.034457877939204,94.80302692428414,y,3
404,0.08188499580496761,0.092,0.0,0.25279987065183379,76.54209980983657,82.0,63.234519896726724,89.849679722946419,g,2
405,0.0,0.109,0.0,0.52758720455385022,75.81424227708953,82.0,62.49751097867572,89.130973575503347,g,3
406,3.630641568328843e-05,0.101,0.0,2.6154955949002088,73.8068625982657,78.667,60.486387118984574,87.127338077546824,g,2
407,0.30314860068809324,0.085,0.094101721700106361,0.51219547967608015,67.92174777681686,72.0,54.663746773839591,81.179748779794124,g,3
408,0.110287715484783,0.081,0.0,0.360030417954883,66.9877471118138,72.0,53.721758995914357,80.25373522771325,g,2
409,0.09411029629718179,0.087,0.0,0.30943978939733963,64.58419446335168,68.0,51.345630161289868,77.822758765413482,g,3
410,0.08570000539643433,0.084,0.0,0.93944005815519493,63.13209934049618,66.0,49.925783808732838,76.338414872259534,g,2
411,0.04613121734495447,0.087,0.0,0.22030372960233097,63.698047927437756,66.0,50.484545483097108,76.911550371778404,g,3
412,0.014672880396454088,0.07,0.0,0.27867360324828599,61.73298843353881,63.0,48.519364049847454,74.946612817230161,g,2
413,0.11658114543556033,0.057,0.0,0.28863803934655724,61.32993787483949,63.0,48.120543913227088,74.539331836451879,g,2
414,0.09620638519973154,0.095,0.0,0.28147471109266076,56.61292157771658,58.333,43.3956971450732,69.830146010359954,g,2
415,0.16156024599308572,0.086,0.0,0.42193650469410482,45.42634973331451,49.0,32.180043297691512,58.672656168937507,g,2
416,0.07667704879676125,0.096,0.0,0.37498801070141619,41.975048088074004,49.0,28.723572067749416,55.226524108398593,g,2
417,0.0912304716960375,0.099,0.0,0.25674493575925889,35.15814441292618,41.667,21.999441661984385,48.316847163867969,g,2
418,0.16688773820101635,0.091,0.0,0.4264516716555331,31.143125911029927,38.0,18.020900234988758,44.265351587071095,g,2
419,0.06288607387036652,0.078,0.0,0.51245637534114552,32.65411505649206,38.0,19.497554907535807,45.810675205448312,g,2
420,0.18741342977693284,0.103,0.0,0.42600883318929195,32.030484231929975,34.0,18.889008818740486,45.171959645119465,g,2
421,0.09221394783380243,0.082,0.0,0.40201221049735064,33.390965629871374,34.0,20.250001928062826,46.531929331679919,g,2
422,0.1292599025960168,0.082,0.0,0.43359963686432412,35.96030838223146,35.0,22.82623531850524,49.09438144595768,g,2
423,0.04387029476703809,0.106,0.0,0.2237199675800885,39.1273155774291,37.0,26.001262154855219,52.253369000002984,g,2
424,0.0,0.119,0.0,0.23781274594560151,39.49943361751198,37.0,26.372652633988483,52.626214601035485,g,2
425,0.08265526367012353,0.127,0.0,0.2779747910767158,42.01852568751168,40.333,29.079777653679276,54.957273721344094,g,2
426,0.09085241495764185,0.163,0.0,0.92266975883046776,43.3280678141664,42.0,30.432770201751445,56.22336542658136,g,2
427,0.0,0.213,0.0,0.40239539298050003,42.33882118714914,42.0,29.44202610811228,55.235616266185993,g,2
428,0.0022276035142970727,0.098,0.0,0.28779297059302156,51.92858311776308,53.0,38.948255730710997,64.908910504815168,g,10
429,0.03849554548219056,0.096,0.0,0.76484089870764305,55.083715687875,53.0,42.105146418388678,68.062284957361314,g,8
430,0.08276009499728637,0.083,0.0,0.32513219963785767,61.657180285278855,59.667,48.66958237744177,74.64477819311594,y,10
431,0.086832332531393,0.077,0.0,0.31709276485925808,76.8501243821404,73.0,63.772083259632495,89.928165504648291,y,8
432,0.0900587172707451,0.074,0.0,0.31482786587385853,80.06766920569083,73.0,66.985149638974974,93.150188772406693,y,10
433,0.07573149754009445,0.073,0.0,0.30886089678088691,90.8037692936989,85.667,77.693276467219079,103.91426212017873,y,8
434,0.10210710645859655,0.055,0.0,0.32148074373120383,97.94626093091753,92.0,84.841120247347817,111.05140161448725,y,9
435,0.10156494141346428,0.06,0.0,0.32082271011301366,96.19915259155346,92.0,83.06336299803894,109.33494218506797,y,8
436,0.1024803053148795,0.055,0.0,0.32108522346823792,107.91654626726802,107.0,94.731750108574715,121.10134242596132,y,8
437,0.10412351815796894,0.059,0.0,0.32157336605863873,109.67538373383671,107.0,96.500998443296794,122.84976902437663,y,7
438,0.10682735088536877,0.059,0.0,0.32351410684048032,107.20715917599057,107.0,94.089799223533461,120.32451912844768,y,7
439,0.10489702283342561,0.061,0.0,0.32200858415104883,103.84001257903806,107.0,90.806369024372387,116.87365613370373,y,6
440,0.10614451438439065,0.06,0.0,0.32296407382313486,101.78497121980735,107.0,88.744097374783919,114.82584506483077,y,6
441,0.10750889965646593,0.064,0.0,0.32402213357223131,100.61490883576619,106.333,87.558432065288059,113.67138560624431,y,5
442,0.10670635105292625,0.061,0.0,0.32324058601423056,100.55671753334298,106.0,87.514631315054729,113.59880375163122,y,5
443,0.10631438359879342,0.069,0.0,0.32275036368172483,101.98978725896723,106.0,88.99078495680854,114.98878956112591,y,4
444,0.057818562255022875,0.061,0.0,0.5385474657280922,102.0737043789604,104.0,89.121764991181109,115.02564376673969,g,4
445,0.10439610088499374,0.098,0.0,0.32089228361947303,102.71755918137228,104.0,89.763238068982929,115.67188029376163,y,3
446,0.10009942341699962,0.083,0.0,0.31706013743292094,103.62171814860571,104.333,90.690055940120914,116.5533803570905,y,4
447,0.1011902875194789,0.088,0.0,0.31793961901435541,103.44311130539916,105.0,90.739184369295288,116.14703824150303,y,3
448,0.10709387231849876,0.109,0.0,0.32344779507997123,105.81309663173931,105.0,93.451931407581313,118.17426185589731,y,4
449,0.10327182621452913,0.087,0.0,0.31965922545902653,105.45399329887755,104.333,93.114658900400954,117.79332769735414,y,3
450,0.10747717821977787,0.075,0.0,0.32375805375408301,103.53508904977133,104.0,91.286256540849521,115.78392155869314,y,4
451,0.10433242139327747,0.07,0.0,0.32059299599821356,101.35422606413451,104.0,89.200871899717455,113.50758022855156,y,3
452,0.10292818088233524,0.092,0.0,0.3203446615933877,94.29190333772158,96.0,83.364585536218087,105.21922113922507,y,3
453,0.33193033994930055,0.282,0.10346761993010689,0.5603930599684942,89.9507643294603,96.0,79.052317688827671,100.84921097009293,y,4
454,0.10795695965467655,0.145,0.0,0.32712641143149224,91.01580597882662,98.0,80.129264440621313,101.90234751703193,y,5
455,0.10228101483184604,0.068,0.0,0.3205764063753897,96.80026078735727,102.0,86.008890272403647,107.5916313023109,y,4
456,0.17523083412477633,0.068,0.0,0.57739607020567119,100.91926101938577,102.0,90.108023315384102,111.73049872338744,g,4
457,0.10530849353884353,0.073,0.0,0.32380290791260646,105.63648047376853,104.667,94.865699656595723,116.40726129094134,y,3
458,0.1878290719381202,0.118,0.0,0.41109547716127426,108.69130395838556,106.0,97.957141668295662,119.42546624847546,y,3
459,0.31057499488748075,0.26,0.082025608486413104,0.53912438128854845,109.21200443989261,106.0,98.482402509180417,119.9416063706048,y,4
460,0.10412573704042094,0.109,0.0,0.32409788124041972,108.26826546866664,106.0,97.530361978027187,119.00616895930609,y,5
461,0.09859773752707901,0.063,0.0,0.31829504158913907,106.4746983148479,106.0,95.732445916283595,117.2169507134122,y,3
462,0.1059008232865093,0.063,0.0,0.32602538185906282,101.62467037999306,103.333,90.883781151831457,112.36555960815467,y,4
463,0.10112723872109708,0.074,0.0,0.32083496893075514,93.06729217660228,98.0,82.325090183298556,103.809494169906,y,3
464,0.1710943097376928,0.084,0.0,0.39532261741981334,90.75338492668459,98.0,80.002553214747806,101.50421663862137,y,3
465,0.1398493680648994,0.18,0.0,0.36233989092656377,91.95787587643758,99.333,81.122146182983158,102.79360556989201,y,2
466,0.09878341706657678,0.098,0.0,0.31812062497094906,94.43012435247647,100.0,83.527847259425045,105.33240144552789,y,4
467,0.10154392131239565,0.094,0.0,0.32097669913199633,97.01642447574272,100.0,86.077908915479966,107.95494003600548,y,3
468,0.0964315660265751,0.09,0.0,0.29239867543491138,92.09617710101065,93.0,81.435743301408692,102.75661090061261,y,4
469,0.02923397441306896,0.12,0.0,1.0238314116072702,90.4533648213795,93.0,79.792688330706255,101.11404131205273,g,2
470,0.09726947228618477,0.09,0.0,0.29264019046278272,85.97821999891141,88.0,75.316804234289947,96.63963576353288,y,4
471,0.0,0.076,0.0,0.29213912663909819,75.95344538163545,78.0,65.231836626228059,86.675054137042835,g,2
472,0.07656399719265507,0.078,0.0,0.41291541876161747,71.73476169257435,78.0,61.036914965425161,82.432608419723536,g,3
473,0.10430041644368515,0.088,0.0,0.27254611314407395,66.12686280624774,72.0,55.487832959498796,76.765892652996683,g,2
474,0.013154605923163918,0.091,0.0,0.44625220809891902,62.50468503817706,69.0,51.882582375844606,73.12678770050951,g,3
475,0.0857528339215552,0.075,0.0,0.27506851721243142,62.74155798963989,69.0,52.068172955876513,73.414943023403254,g,2
476,0.0,0.083,0.0,0.62290676969256586,54.47538764004764,57.0,43.777150994299667,65.173624285795626,g,2
477,0.05894683260039777,0.173,0.0,0.53497454997079985,51.77980275474414,57.0,41.074578454750181,62.485027054738097,g,2
478,0.09070721618266853,0.171,0.0,0.28792273220655107,47.99462745941962,52.0,37.291026052555068,58.698228866284168,g,2
